# Derived from SkyHanni-REPO/constants/island_graphs/SAFARI.json (MIT), 2026-10-04.
# Closest area boundary by graph distance; x,y,z,biome (NONE = entrance).
-52.0,69.0,21.0,NONE
-50.0,68.0,15.0,NONE
-50.0,66.0,9.0,NONE
-44.0,66.0,7.0,NONE
-40.0,66.0,11.0,NONE
-57.0,66.0,7.0,NONE
-41.0,66.0,3.0,NONE
-37.0,66.0,2.0,NONE
-34.0,68.0,16.0,NONE
-27.0,67.0,23.0,FOREST
-19.0,67.0,26.0,FOREST
-11.0,66.0,29.0,FOREST
-5.0,66.0,30.0,FOREST
1.0,66.0,27.0,FOREST
4.0,67.0,23.0,FOREST
8.0,67.0,17.0,FOREST
11.0,67.0,11.0,FOREST
12.0,68.0,6.0,FOREST
11.0,68.0,-1.0,FOREST
9.0,67.0,-5.0,HAUNTED
7.0,67.0,-12.0,HAUNTED
5.0,67.0,-19.0,HAUNTED
1.0,67.0,-19.0,HAUNTED
-7.0,67.0,-18.0,HAUNTED
-12.0,67.0,-20.0,HAUNTED
-18.0,67.0,-22.0,HAUNTED
-24.0,67.0,-26.0,HAUNTED
-29.0,68.0,-21.0,NONE
-34.0,68.0,-16.0,NONE
-38.0,67.0,-12.0,NONE
-41.0,66.0,-9.0,NONE
-41.0,66.0,-4.0,NONE
-47.0,67.0,-3.0,NONE
-47.0,67.0,3.0,NONE
-50.0,67.0,2.0,NONE
-59.0,66.0,2.0,NONE
-60.0,66.0,-4.0,NONE
-60.0,66.0,-10.0,NONE
-55.0,66.0,-9.0,NONE
-53.0,67.0,-3.0,NONE
-54.0,67.0,2.0,NONE
-62.0,66.0,12.0,NONE
-65.0,65.0,16.0,NONE
-68.0,65.0,19.0,NONE
-73.0,66.0,24.0,CAVERN
-80.0,65.0,31.0,CAVERN
-85.0,64.0,38.0,CAVERN
-87.0,61.0,47.0,CAVERN
-89.0,60.0,54.0,CAVERN
-91.0,59.0,61.0,CAVERN
-95.0,58.0,64.0,CAVERN
-104.0,56.0,71.0,CAVERN
-85.0,60.0,59.0,CAVERN
-78.0,59.0,59.0,CAVERN
-73.0,57.0,56.0,CAVERN
-75.0,56.0,50.0,CAVERN
-72.0,54.0,45.0,CAVERN
-67.0,52.0,43.0,CAVERN
-61.0,50.0,44.0,CAVERN
-60.0,48.0,50.0,CAVERN
-63.0,46.0,55.0,CAVERN
-65.0,44.0,50.0,CAVERN
-68.0,42.0,45.0,CAVERN
-73.0,41.0,41.0,CAVERN
-76.0,41.0,36.0,CAVERN
-79.0,41.0,29.0,CAVERN
-87.0,41.0,24.0,CAVERN
-94.0,41.0,23.0,CAVERN
-102.0,41.0,25.0,CAVERN
-102.0,41.0,30.0,CAVERN
-103.0,41.0,37.0,CAVERN
-105.0,41.0,44.0,CAVERN
-107.0,41.0,52.0,CAVERN
-104.0,41.0,58.0,CAVERN
-98.0,41.0,63.0,CAVERN
-91.0,40.0,68.0,CAVERN
-84.0,40.0,68.0,CAVERN
-78.0,40.0,66.0,CAVERN
-71.0,41.0,62.0,CAVERN
-70.0,41.0,54.0,CAVERN
-71.0,41.0,49.0,CAVERN
-104.0,41.0,20.0,CAVERN
-110.0,43.0,19.0,CAVERN
-116.0,44.0,18.0,CAVERN
-123.0,46.0,16.0,CAVERN
-129.0,48.0,16.0,CAVERN
-134.0,50.0,18.0,CAVERN
-138.0,52.0,22.0,CAVERN
-140.0,54.0,28.0,CAVERN
-139.0,56.0,34.0,CAVERN
-137.0,58.0,39.0,CAVERN
-134.0,61.0,46.0,CAVERN
-130.0,61.0,51.0,CAVERN
-128.0,61.0,57.0,CAVERN
-122.0,61.0,53.0,CAVERN
-119.0,61.0,47.0,CAVERN
-112.0,61.0,43.0,CAVERN
-107.0,61.0,37.0,CAVERN
-100.0,63.0,36.0,CAVERN
-94.0,64.0,37.0,CAVERN
-90.0,64.0,39.0,CAVERN
-113.0,61.0,38.0,CAVERN
-119.0,61.0,38.0,CAVERN
-122.0,59.0,35.0,CAVERN
-125.0,44.0,34.0,CAVERN
-122.0,44.0,30.0,CAVERN
-117.0,44.0,25.0,CAVERN
-114.0,44.0,30.0,CAVERN
-107.0,42.0,31.0,CAVERN
-126.0,43.0,41.0,CAVERN
-122.0,41.0,50.0,CAVERN
-115.0,41.0,47.0,CAVERN
-110.0,41.0,46.0,CAVERN
-125.0,41.0,56.0,CAVERN
-124.0,40.0,63.0,CAVERN
-122.0,40.0,70.0,CAVERN
-118.0,40.0,76.0,CAVERN
-111.0,40.0,80.0,CAVERN
-103.0,40.0,78.0,CAVERN
-96.0,40.0,75.0,CAVERN
-92.0,40.0,72.0,CAVERN
-90.0,42.0,77.0,CAVERN
-91.0,45.0,84.0,CAVERN
-97.0,49.0,90.0,CAVERN
-101.0,50.0,91.0,CAVERN
-107.0,52.0,90.0,CAVERN
-109.0,54.0,85.0,CAVERN
-110.0,55.0,81.0,CAVERN
-110.0,55.0,74.0,CAVERN
-116.0,55.0,77.0,CAVERN
-123.0,55.0,77.0,CAVERN
-128.0,56.0,74.0,CAVERN
-131.0,58.0,69.0,CAVERN
-130.0,60.0,63.0,CAVERN
-131.0,55.0,82.0,CAVERN
-110.0,63.0,31.0,CAVERN
-108.0,64.0,26.0,CAVERN
-107.0,64.0,18.0,CAVERN
-107.0,64.0,9.0,CAVERN
-108.0,66.0,3.0,CAVERN
-111.0,67.0,-4.0,CAVERN
-114.0,68.0,-9.0,CAVERN
-115.0,69.0,-17.0,CAVERN
-113.0,70.0,-24.0,ICY
-110.0,71.0,-29.0,ICY
-106.0,72.0,-33.0,ICY
-102.0,73.0,-38.0,ICY
-96.0,73.0,-43.0,ICY
-90.0,73.0,-46.0,ICY
-87.0,71.0,-42.0,ICY
-84.0,70.0,-38.0,ICY
-79.0,68.0,-35.0,ICY
-76.0,67.0,-30.0,ICY
-74.0,66.0,-24.0,ICY
-68.0,67.0,-18.0,NONE
-12.0,66.0,35.0,FOREST
-16.0,67.0,45.0,FOREST
-21.0,67.0,53.0,FOREST
7.0,66.0,30.0,FOREST
12.0,67.0,35.0,FOREST
20.0,68.0,41.0,FOREST
24.0,68.0,47.0,FOREST
23.0,68.0,55.0,FOREST
19.0,69.0,58.0,FOREST
12.0,68.0,62.0,FOREST
3.0,68.0,62.0,FOREST
7.0,68.0,57.0,FOREST
2.0,66.0,52.0,FOREST
1.0,64.0,47.0,FOREST
8.0,62.0,47.0,FOREST
14.0,60.0,47.0,FOREST
19.0,58.0,46.0,FOREST
25.0,57.0,45.0,FOREST
30.0,57.0,42.0,FOREST
28.0,59.0,36.0,FOREST
25.0,61.0,32.0,FOREST
21.0,63.0,27.0,FOREST
17.0,65.0,26.0,FOREST
13.0,66.0,27.0,FOREST
20.0,57.0,41.0,FOREST
18.0,55.0,35.0,FOREST
14.0,53.0,32.0,FOREST
10.0,52.0,29.0,FOREST
5.0,51.0,34.0,FOREST
2.0,51.0,38.0,FOREST
1.0,50.0,42.0,FOREST
2.0,48.0,48.0,FOREST
5.0,48.0,53.0,FOREST
7.0,49.0,57.0,FOREST
10.0,50.0,58.0,FOREST
16.0,52.0,59.0,FOREST
21.0,52.0,56.0,FOREST
26.0,53.0,54.0,FOREST
24.0,56.0,50.0,FOREST
23.0,68.0,63.0,FOREST
24.0,74.0,66.0,FOREST
22.0,77.0,70.0,FOREST
21.0,88.0,71.0,FOREST
21.0,100.0,71.0,FOREST
20.0,108.0,71.0,FOREST
19.0,112.0,77.0,FOREST
22.0,111.0,81.0,FOREST
19.0,111.0,87.0,FOREST
15.0,110.0,84.0,FOREST
14.0,111.0,80.0,FOREST
12.0,110.0,75.0,FOREST
7.0,107.0,69.0,FOREST
0.0,103.0,67.0,FOREST
-6.0,100.0,65.0,FOREST
-11.0,100.0,64.0,FOREST
-15.0,101.0,62.0,FOREST
-18.0,104.0,62.0,FOREST
-21.0,106.0,60.0,FOREST
-24.0,108.0,56.0,FOREST
-27.0,109.0,54.0,FOREST
-30.0,109.0,52.0,FOREST
-34.0,110.0,52.0,FOREST
-38.0,111.0,52.0,FOREST
-42.0,112.0,53.0,FOREST
-44.0,112.0,57.0,FOREST
-41.0,111.0,63.0,FOREST
-37.0,111.0,63.0,FOREST
-33.0,112.0,64.0,FOREST
-27.0,113.0,64.0,FOREST
-23.0,115.0,63.0,FOREST
-22.0,118.0,61.0,FOREST
-23.0,121.0,58.0,FOREST
-26.0,125.0,59.0,FOREST
-30.0,126.0,59.0,FOREST
-38.0,124.0,59.0,FOREST
-42.0,122.0,58.0,FOREST
-43.0,119.0,58.0,FOREST
-52.0,92.0,54.0,FOREST
-57.0,93.0,52.0,FOREST
-63.0,96.0,51.0,CAVERN
-68.0,97.0,48.0,CAVERN
-70.0,93.0,47.0,CAVERN
-73.0,87.0,46.0,CAVERN
-81.0,86.0,48.0,CAVERN
-83.0,78.0,49.0,CAVERN
-88.0,72.0,47.0,CAVERN
-91.0,72.0,44.0,CAVERN
-95.0,75.0,38.0,CAVERN
-96.0,82.0,36.0,CAVERN
-103.0,82.0,35.0,CAVERN
-109.0,82.0,32.0,CAVERN
-113.0,82.0,27.0,CAVERN
-115.0,82.0,21.0,CAVERN
-115.0,85.0,17.0,CAVERN
-114.0,89.0,16.0,CAVERN
-117.0,91.0,13.0,CAVERN
-119.0,94.0,20.0,CAVERN
-123.0,95.0,26.0,CAVERN
-130.0,96.0,28.0,CAVERN
-138.0,95.0,29.0,CAVERN
-140.0,96.0,32.0,CAVERN
-141.0,100.0,30.0,CAVERN
-137.0,102.0,27.0,CAVERN
-140.0,103.0,26.0,CAVERN
-141.0,105.0,24.0,CAVERN
-141.0,108.0,21.0,CAVERN
-137.0,109.0,20.0,CAVERN
-133.0,109.0,14.0,CAVERN
-127.0,109.0,16.0,CAVERN
-130.0,109.0,20.0,CAVERN
-124.0,107.0,21.0,CAVERN
-121.0,105.0,17.0,CAVERN
-116.0,105.0,18.0,CAVERN
-111.0,108.0,21.0,CAVERN
-105.0,107.0,21.0,CAVERN
-100.0,106.0,18.0,CAVERN
-110.0,92.0,13.0,CAVERN
-105.0,94.0,15.0,CAVERN
-98.0,95.0,17.0,CAVERN
-93.0,94.0,23.0,CAVERN
-97.0,95.0,27.0,CAVERN
-101.0,95.0,25.0,CAVERN
-104.0,95.0,21.0,CAVERN
-99.0,96.0,22.0,CAVERN
-121.0,95.0,13.0,CAVERN
-127.0,95.0,8.0,CAVERN
-134.0,95.0,7.0,CAVERN
-141.0,95.0,11.0,CAVERN
-144.0,96.0,17.0,CAVERN
-142.0,95.0,25.0,CAVERN
-136.0,108.0,25.0,CAVERN
-132.0,108.0,25.0,CAVERN
-96.0,107.0,17.0,CAVERN
-93.0,110.0,14.0,CAVERN
-90.0,110.0,16.0,CAVERN
-87.0,108.0,13.0,CAVERN
-88.0,92.0,10.0,CAVERN
-92.0,92.0,11.0,CAVERN
-87.0,89.0,6.0,CAVERN
-87.0,78.0,2.0,ICY
-86.0,75.0,0.0,ICY
-84.0,66.0,-6.0,ICY
-84.0,66.0,-13.0,ICY
-84.0,68.0,-20.0,ICY
-80.0,67.0,-27.0,ICY
-71.0,67.0,-30.0,ICY
-69.0,67.0,-34.0,ICY
-83.0,75.0,-53.0,ICY
-78.0,73.0,-57.0,ICY
-74.0,73.0,-60.0,ICY
-72.0,74.0,-65.0,ICY
-73.0,75.0,-70.0,ICY
-75.0,75.0,-75.0,ICY
-73.0,74.0,-81.0,ICY
-74.0,75.0,-87.0,ICY
-77.0,77.0,-95.0,ICY
-75.0,78.0,-98.0,ICY
-80.0,77.0,-101.0,ICY
-85.0,77.0,-106.0,ICY
-92.0,78.0,-107.0,ICY
-97.0,78.0,-106.0,ICY
-101.0,78.0,-106.0,ICY
-107.0,79.0,-107.0,ICY
-112.0,79.0,-108.0,ICY
-118.0,80.0,-106.0,ICY
-122.0,81.0,-101.0,ICY
-123.0,82.0,-95.0,ICY
-119.0,81.0,-87.0,ICY
-125.0,82.0,-89.0,ICY
-120.0,81.0,-82.0,ICY
-121.0,81.0,-73.0,ICY
-116.0,81.0,-64.0,ICY
-112.0,81.0,-68.0,ICY
-104.0,80.0,-72.0,ICY
-100.0,80.0,-76.0,ICY
-101.0,80.0,-85.0,ICY
-108.0,80.0,-88.0,ICY
-106.0,80.0,-81.0,ICY
-111.0,81.0,-76.0,ICY
-99.0,80.0,-67.0,ICY
-98.0,79.0,-60.0,ICY
-96.0,77.0,-53.0,ICY
-92.0,75.0,-49.0,ICY
-103.0,79.0,-58.0,ICY
-108.0,79.0,-54.0,ICY
-108.0,80.0,-48.0,ICY
-105.0,81.0,-44.0,ICY
-99.0,82.0,-40.0,ICY
-100.0,80.0,-45.0,ICY
-96.0,74.0,-47.0,ICY
-69.0,67.0,-39.0,ICY
-68.0,67.0,-43.0,ICY
-98.0,83.0,-35.0,ICY
-98.0,84.0,-30.0,ICY
-97.0,85.0,-26.0,ICY
-97.0,87.0,-20.0,ICY
-100.0,88.0,-16.0,ICY
-105.0,89.0,-17.0,ICY
-102.0,89.0,-10.0,ICY
-106.0,89.0,-6.0,ICY
-110.0,89.0,0.0,ICY
-114.0,89.0,6.0,ICY
-115.0,89.0,11.0,CAVERN
-98.0,92.0,8.0,CAVERN
-101.0,92.0,3.0,ICY
-106.0,90.0,0.0,ICY
-105.0,92.0,8.0,CAVERN
-110.0,91.0,8.0,CAVERN
-71.0,53.0,-43.0,ICY
-72.0,43.0,-44.0,ICY
-78.0,44.0,-48.0,ICY
-87.0,42.0,-51.0,ICY
-95.0,45.0,-48.0,ICY
-103.0,48.0,-48.0,ICY
-102.0,48.0,-54.0,ICY
-99.0,48.0,-57.0,ICY
-96.0,47.0,-57.0,ICY
-83.0,47.0,-40.0,ICY
-88.0,48.0,-29.0,ICY
-84.0,49.0,-23.0,ICY
-69.0,36.0,-41.0,ICY
-76.0,36.0,-45.0,ICY
-83.0,34.0,-40.0,ICY
-86.0,36.0,-34.0,ICY
-80.0,41.0,-30.0,ICY
-76.0,40.0,-31.0,ICY
-75.0,49.0,-53.0,ICY
-71.0,51.0,-63.0,ICY
-76.0,52.0,-68.0,ICY
-82.0,52.0,-71.0,ICY
-60.0,67.0,-34.0,ICY
-64.0,67.0,-7.0,NONE
-63.0,73.0,-10.0,NONE
-60.0,77.0,-12.0,NONE
-54.0,75.0,-11.0,NONE
-51.0,77.0,-8.0,NONE
-51.0,80.0,-3.0,NONE
-45.0,77.0,-6.0,NONE
-43.0,78.0,-1.0,NONE
-44.0,77.0,5.0,NONE
-50.0,78.0,7.0,NONE
-57.0,77.0,4.0,NONE
-57.0,78.0,-2.0,NONE
-55.0,77.0,-6.0,NONE
-50.0,82.0,0.0,NONE
-26.0,67.0,-33.0,HAUNTED
-31.0,67.0,-40.0,HAUNTED
-40.0,67.0,-44.0,HAUNTED
-49.0,67.0,-47.0,HAUNTED
-52.0,67.0,-55.0,HAUNTED
-51.0,69.0,-62.0,NONE
-51.0,71.0,-69.0,ICY
-52.0,73.0,-75.0,ICY
-59.0,74.0,-79.0,ICY
-67.0,74.0,-81.0,ICY
-34.0,67.0,-49.0,HAUNTED
-34.0,67.0,-57.0,HAUNTED
-33.0,69.0,-62.0,HAUNTED
-32.0,70.0,-69.0,HAUNTED
-32.0,70.0,-76.0,HAUNTED
-31.0,71.0,-80.0,HAUNTED
-25.0,71.0,-89.0,HAUNTED
-18.0,71.0,-90.0,HAUNTED
-8.0,70.0,-92.0,HAUNTED
-5.0,70.0,-96.0,HAUNTED
3.0,70.0,-100.0,HAUNTED
8.0,70.0,-94.0,HAUNTED
2.0,70.0,-89.0,HAUNTED
14.0,70.0,-92.0,HAUNTED
19.0,70.0,-88.0,HAUNTED
22.0,71.0,-81.0,HAUNTED
24.0,71.0,-74.0,HAUNTED
26.0,70.0,-65.0,HAUNTED
26.0,70.0,-57.0,HAUNTED
22.0,70.0,-51.0,HAUNTED
20.0,70.0,-44.0,HAUNTED
26.0,70.0,-38.0,HAUNTED
33.0,70.0,-41.0,HAUNTED
16.0,70.0,-41.0,HAUNTED
13.0,69.0,-35.0,HAUNTED
4.0,70.0,-37.0,HAUNTED
-4.0,70.0,-39.0,HAUNTED
-9.0,70.0,-36.0,HAUNTED
-13.0,70.0,-33.0,HAUNTED
-18.0,68.0,-28.0,HAUNTED
-16.0,70.0,-39.0,HAUNTED
-20.0,70.0,-43.0,HAUNTED
-29.0,68.0,-45.0,HAUNTED
17.0,69.0,-29.0,HAUNTED
23.0,69.0,-23.0,HAUNTED
29.0,69.0,-18.0,HAUNTED
32.0,69.0,-23.0,HAUNTED
38.0,69.0,-23.0,HAUNTED
47.0,69.0,-24.0,HAUNTED
49.0,69.0,-22.0,HAUNTED
48.0,55.0,-17.0,HAUNTED
42.0,53.0,-25.0,HAUNTED
36.0,51.0,-25.0,HAUNTED
32.0,50.0,-22.0,HAUNTED
33.0,50.0,-14.0,HAUNTED
27.0,51.0,-22.0,HAUNTED
22.0,52.0,-24.0,HAUNTED
15.0,51.0,-26.0,HAUNTED
8.0,49.0,-27.0,HAUNTED
2.0,47.0,-27.0,HAUNTED
37.0,50.0,-16.0,HAUNTED
38.0,63.0,-16.0,HAUNTED
44.0,69.0,-16.0,HAUNTED
40.0,64.0,-14.0,HAUNTED
37.0,69.0,-16.0,HAUNTED
40.0,69.0,-13.0,HAUNTED
41.0,69.0,-18.0,HAUNTED
18.0,69.0,-20.0,HAUNTED
11.0,67.0,-19.0,HAUNTED
2.0,68.0,-26.0,HAUNTED
0.0,69.0,-29.0,HAUNTED
-3.0,70.0,-33.0,HAUNTED
-4.0,70.0,-46.0,HAUNTED
-8.0,70.0,-52.0,HAUNTED
-9.0,70.0,-57.0,HAUNTED
-14.0,70.0,-54.0,HAUNTED
-3.0,70.0,-57.0,HAUNTED
1.0,70.0,-54.0,HAUNTED
6.0,70.0,-54.0,HAUNTED
10.0,70.0,-56.0,HAUNTED
11.0,70.0,-62.0,HAUNTED
9.0,70.0,-67.0,HAUNTED
9.0,70.0,-72.0,HAUNTED
9.0,70.0,-75.0,HAUNTED
5.0,70.0,-76.0,HAUNTED
1.0,70.0,-81.0,HAUNTED
-5.0,70.0,-81.0,HAUNTED
-11.0,70.0,-80.0,HAUNTED
-13.0,70.0,-75.0,HAUNTED
-11.0,70.0,-70.0,HAUNTED
-6.0,70.0,-70.0,HAUNTED
-1.0,70.0,-69.0,HAUNTED
3.0,70.0,-71.0,HAUNTED
3.0,70.0,-66.0,HAUNTED
3.0,70.0,-61.0,HAUNTED
0.0,69.0,-64.0,HAUNTED
7.0,70.0,-64.0,HAUNTED
-4.0,67.0,-64.0,HAUNTED
-9.0,70.0,-64.0,HAUNTED
-13.0,70.0,-64.0,HAUNTED
-11.0,70.0,-61.0,HAUNTED
-11.0,70.0,-67.0,HAUNTED
-17.0,70.0,-64.0,HAUNTED
-20.0,70.0,-64.0,HAUNTED
-20.0,70.0,-59.0,HAUNTED
-18.0,70.0,-56.0,HAUNTED
-20.0,70.0,-69.0,HAUNTED
-18.0,70.0,-74.0,HAUNTED
-18.0,70.0,-77.0,HAUNTED
-4.0,64.0,-59.0,HAUNTED
-4.0,62.0,-55.0,HAUNTED
-2.0,62.0,-51.0,HAUNTED
3.0,62.0,-51.0,HAUNTED
8.0,62.0,-52.0,HAUNTED
11.0,62.0,-56.0,HAUNTED
15.0,62.0,-54.0,HAUNTED
19.0,62.0,-57.0,HAUNTED
20.0,61.0,-62.0,HAUNTED
17.0,63.0,-63.0,HAUNTED
17.0,65.0,-65.0,HAUNTED
19.0,67.0,-65.0,HAUNTED
19.0,70.0,-62.0,HAUNTED
18.0,71.0,-58.0,HAUNTED
15.0,72.0,-59.0,HAUNTED
-9.0,61.0,-50.0,HAUNTED
-4.0,73.0,-63.0,HAUNTED
-12.0,78.0,-64.0,HAUNTED
5.0,78.0,-64.0,HAUNTED
7.0,78.0,-68.0,HAUNTED
9.0,78.0,-73.0,HAUNTED
10.0,78.0,-79.0,HAUNTED
10.0,78.0,-67.0,HAUNTED
12.0,78.0,-64.0,HAUNTED
17.0,78.0,-67.0,HAUNTED
17.0,78.0,-63.0,HAUNTED
10.0,78.0,-60.0,HAUNTED
12.0,78.0,-56.0,HAUNTED
13.0,78.0,-50.0,HAUNTED
6.0,78.0,-58.0,HAUNTED
5.0,78.0,-53.0,HAUNTED
2.0,78.0,-69.0,HAUNTED
1.0,78.0,-74.0,HAUNTED
0.0,78.0,-79.0,HAUNTED
-2.0,78.0,-83.0,HAUNTED
-8.0,78.0,-83.0,HAUNTED
-1.0,78.0,-68.0,HAUNTED
-7.0,78.0,-68.0,HAUNTED
-12.0,78.0,-69.0,HAUNTED
-12.0,78.0,-74.0,HAUNTED
-13.0,78.0,-78.0,HAUNTED
-20.0,78.0,-78.0,HAUNTED
-22.0,78.0,-81.0,HAUNTED
-13.0,78.0,-83.0,HAUNTED
-16.0,78.0,-68.0,HAUNTED
-21.0,78.0,-68.0,HAUNTED
-21.0,78.0,-64.0,HAUNTED
-19.0,78.0,-59.0,HAUNTED
-21.0,78.0,-54.0,HAUNTED
-21.0,78.0,-50.0,HAUNTED
-15.0,78.0,-57.0,HAUNTED
-14.0,78.0,-53.0,HAUNTED
-13.0,78.0,-61.0,HAUNTED
-8.0,80.0,-75.0,HAUNTED
-8.0,86.0,-73.0,HAUNTED
-10.0,86.0,-67.0,HAUNTED
-11.0,86.0,-62.0,HAUNTED
-6.0,86.0,-60.0,HAUNTED
-4.0,86.0,-56.0,HAUNTED
-4.0,86.0,-49.0,HAUNTED
-2.0,86.0,-61.0,HAUNTED
2.0,86.0,-65.0,HAUNTED
1.0,86.0,-71.0,HAUNTED
-4.0,86.0,-71.0,HAUNTED
4.0,86.0,-74.0,HAUNTED
-31.0,72.0,-60.0,HAUNTED
-31.0,74.0,-57.0,HAUNTED
-31.0,75.0,-54.0,HAUNTED
-32.0,76.0,-51.0,HAUNTED
-37.0,78.0,-51.0,HAUNTED
-39.0,80.0,-58.0,HAUNTED
-41.0,82.0,-63.0,HAUNTED
-39.0,85.0,-63.0,HAUNTED
-34.0,87.0,-67.0,HAUNTED
-34.0,87.0,-75.0,HAUNTED
-29.0,85.0,-64.0,HAUNTED
-27.0,89.0,-65.0,HAUNTED
-26.0,93.0,-67.0,HAUNTED
-19.0,95.0,-68.0,HAUNTED
-14.0,95.0,-60.0,HAUNTED
-7.0,95.0,-57.0,HAUNTED
-4.0,96.0,-52.0,HAUNTED
-4.0,96.0,-46.0,HAUNTED
-4.0,96.0,-42.0,HAUNTED
-2.0,95.0,-58.0,HAUNTED
3.0,95.0,-62.0,HAUNTED
11.0,95.0,-62.0,HAUNTED
14.0,95.0,-66.0,HAUNTED
7.0,95.0,-70.0,HAUNTED
2.0,95.0,-74.0,HAUNTED
-5.0,95.0,-78.0,HAUNTED
-11.0,95.0,-76.0,HAUNTED
-14.0,95.0,-71.0,HAUNTED
-11.0,95.0,-68.0,HAUNTED
-6.0,95.0,-66.0,HAUNTED
-1.0,95.0,-66.0,HAUNTED
-8.0,83.0,-34.0,HAUNTED
-10.0,83.0,-29.0,HAUNTED
-7.0,81.0,-26.0,HAUNTED
-4.0,82.0,-24.0,HAUNTED
-3.0,81.0,-21.0,HAUNTED
-3.0,80.0,-16.0,HAUNTED
-11.0,80.0,-13.0,HAUNTED
-15.0,79.0,-10.0,HAUNTED
-2.0,81.0,-13.0,HAUNTED
2.0,83.0,-11.0,HAUNTED
5.0,85.0,-8.0,HAUNTED
12.0,86.0,-5.0,HAUNTED
7.0,84.0,-0.0,FOREST
4.0,84.0,-4.0,HAUNTED
15.0,86.0,-8.0,HAUNTED
19.0,86.0,-12.0,HAUNTED
22.0,85.0,-7.0,HAUNTED
20.0,86.0,-2.0,HAUNTED
16.0,86.0,2.0,FOREST
13.0,88.0,5.0,FOREST
10.0,90.0,10.0,FOREST
26.0,85.0,-4.0,HAUNTED
30.0,83.0,-4.0,HAUNTED
28.0,80.0,-1.0,FOREST
21.0,81.0,1.0,FOREST
14.0,82.0,0.0,FOREST
9.0,83.0,3.0,FOREST
5.0,82.0,8.0,FOREST
1.0,82.0,10.0,FOREST
-5.0,78.0,11.0,FOREST
-4.0,80.0,17.0,FOREST
0.0,78.0,17.0,FOREST
-9.0,78.0,7.0,FOREST
-14.0,77.0,9.0,FOREST
-16.0,77.0,13.0,FOREST
-16.0,74.0,17.0,FOREST
-19.0,67.0,20.0,FOREST
27.0,80.0,6.0,FOREST
32.0,79.0,2.0,FOREST
36.0,75.0,1.0,HAUNTED
31.0,74.0,6.0,FOREST
41.0,74.0,0.0,HAUNTED
46.0,73.0,-2.0,HAUNTED
49.0,73.0,-4.0,HAUNTED
51.0,56.0,-5.0,HAUNTED
48.0,56.0,-4.0,HAUNTED
-18.0,67.0,58.0,FOREST
-14.0,67.0,62.0,FOREST
-8.0,67.0,64.0,FOREST
0.0,68.0,64.0,FOREST
-27.0,68.0,56.0,FOREST
-35.0,68.0,58.0,FOREST
-43.0,66.0,59.0,CAVERN
-50.0,64.0,60.0,CAVERN
-56.0,62.0,59.0,CAVERN
-62.0,60.0,58.0,CAVERN
-68.0,58.0,57.0,CAVERN
28.0,81.0,68.0,FOREST
30.0,82.0,62.0,FOREST
25.0,79.0,58.0,FOREST
22.0,77.0,55.0,FOREST
18.0,78.0,53.0,FOREST
16.0,79.0,49.0,FOREST
17.0,80.0,45.0,FOREST
13.0,81.0,41.0,FOREST
9.0,85.0,39.0,FOREST
7.0,88.0,44.0,FOREST
2.0,89.0,44.0,FOREST
-2.0,90.0,44.0,FOREST
7.0,89.0,46.0,FOREST
12.0,90.0,45.0,FOREST
13.0,89.0,52.0,FOREST
17.0,88.0,55.0,FOREST
23.0,90.0,60.0,FOREST
26.0,89.0,61.0,FOREST
23.0,89.0,68.0,FOREST
20.0,89.0,63.0,FOREST
16.0,88.0,59.0,FOREST
15.0,82.0,64.0,FOREST
16.0,81.0,71.0,FOREST
14.0,81.0,76.0,FOREST
9.0,83.0,76.0,FOREST
3.0,83.0,77.0,FOREST
-6.0,86.0,76.0,FOREST
-10.0,84.0,77.0,FOREST
-13.0,87.0,82.0,FOREST
-11.0,85.0,72.0,FOREST
-16.0,83.0,68.0,FOREST
-18.0,85.0,65.0,FOREST
-20.0,86.0,61.0,FOREST
-24.0,83.0,52.0,FOREST
-26.0,81.0,47.0,FOREST
-26.0,80.0,42.0,FOREST
-19.0,80.0,42.0,FOREST
-13.0,78.0,45.0,FOREST
-7.0,77.0,48.0,FOREST
-1.0,77.0,52.0,FOREST
2.0,77.0,56.0,FOREST
7.0,77.0,56.0,FOREST
13.0,79.0,55.0,FOREST
0.0,76.0,47.0,FOREST
2.0,75.0,41.0,FOREST
1.0,71.0,34.0,FOREST
-3.0,69.0,34.0,FOREST
-8.0,67.0,37.0,FOREST
-25.0,80.0,35.0,FOREST
-25.0,87.0,35.0,FOREST
-25.0,92.0,35.0,FOREST
-27.0,96.0,34.0,FOREST
-32.0,96.0,36.0,FOREST
-28.0,96.0,29.0,FOREST
-23.0,97.0,29.0,FOREST
-18.0,98.0,25.0,FOREST
-16.0,99.0,21.0,FOREST
-15.0,99.0,15.0,FOREST
-11.0,100.0,13.0,FOREST
-7.0,96.0,10.0,FOREST
-3.0,90.0,7.0,FOREST
-2.0,90.0,1.0,FOREST
-7.0,91.0,-4.0,HAUNTED
-11.0,92.0,-11.0,HAUNTED
-6.0,90.0,-14.0,HAUNTED
-3.0,90.0,-9.0,HAUNTED
3.0,89.0,-2.0,FOREST
5.0,90.0,9.0,FOREST
14.0,89.0,13.0,FOREST
17.0,85.0,19.0,FOREST
17.0,86.0,26.0,FOREST
23.0,87.0,27.0,FOREST
27.0,89.0,32.0,FOREST
30.0,88.0,37.0,FOREST
34.0,86.0,41.0,FOREST
37.0,88.0,45.0,FOREST
38.0,91.0,48.0,FOREST
41.0,93.0,52.0,FOREST
40.0,91.0,59.0,FOREST
33.0,90.0,63.0,FOREST
45.0,91.0,56.0,FOREST
34.0,81.0,44.0,FOREST
32.0,81.0,49.0,FOREST
35.0,80.0,55.0,FOREST
31.0,81.0,57.0,FOREST
29.0,78.0,45.0,FOREST
26.0,77.0,42.0,FOREST
23.0,77.0,36.0,FOREST
19.0,75.0,35.0,FOREST
38.0,77.0,40.0,FOREST
35.0,75.0,28.0,FOREST
34.0,73.0,24.0,FOREST
31.0,70.0,20.0,FOREST
30.0,73.0,15.0,FOREST
29.0,77.0,13.0,FOREST
5.0,80.0,13.0,FOREST
7.0,81.0,18.0,FOREST
11.0,82.0,21.0,FOREST
13.0,84.0,24.0,FOREST
-23.0,67.0,30.0,FOREST
-24.0,71.0,35.0,FOREST
-24.0,77.0,35.0,FOREST
-35.0,92.0,40.0,FOREST
-38.0,89.0,44.0,FOREST
-42.0,91.0,45.0,FOREST
-45.0,90.0,48.0,FOREST
-48.0,91.0,50.0,FOREST
-57.0,92.0,57.0,FOREST
-61.0,95.0,61.0,FOREST
-64.0,94.0,68.0,CAVERN
-66.0,95.0,59.0,CAVERN
-68.0,99.0,54.0,CAVERN
-59.0,98.0,71.0,CAVERN
-56.0,99.0,76.0,CAVERN
-58.0,97.0,80.0,CAVERN
-65.0,97.0,84.0,CAVERN
-70.0,95.0,88.0,CAVERN
-76.0,95.0,91.0,CAVERN
-80.0,94.0,89.0,CAVERN
-82.0,87.0,86.0,CAVERN
-77.0,87.0,82.0,CAVERN
-73.0,87.0,78.0,CAVERN
-68.0,87.0,72.0,CAVERN
-64.0,87.0,74.0,CAVERN
-70.0,87.0,83.0,CAVERN
-71.0,87.0,87.0,CAVERN
-74.0,87.0,91.0,CAVERN
-84.0,86.0,90.0,CAVERN
-88.0,83.0,94.0,CAVERN
-93.0,80.0,96.0,CAVERN
-98.0,78.0,95.0,CAVERN
-100.0,78.0,92.0,CAVERN
-105.0,75.0,90.0,CAVERN
-107.0,72.0,88.0,CAVERN
-110.0,68.0,86.0,CAVERN
-115.0,71.0,84.0,CAVERN
-120.0,70.0,82.0,CAVERN
-128.0,69.0,83.0,CAVERN
-132.0,69.0,88.0,CAVERN
-136.0,72.0,88.0,CAVERN
-139.0,75.0,84.0,CAVERN
-142.0,78.0,87.0,CAVERN
-135.0,75.0,79.0,CAVERN
-134.0,74.0,73.0,CAVERN
-134.0,72.0,67.0,CAVERN
-136.0,75.0,63.0,CAVERN
-137.0,78.0,61.0,CAVERN
-140.0,82.0,60.0,CAVERN
-143.0,84.0,60.0,CAVERN
-150.0,83.0,60.0,CAVERN
-154.0,83.0,56.0,CAVERN
-156.0,84.0,51.0,CAVERN
-161.0,84.0,47.0,CAVERN
-162.0,84.0,43.0,CAVERN
-158.0,84.0,37.0,CAVERN
-152.0,86.0,38.0,CAVERN
-147.0,89.0,39.0,CAVERN
-141.0,90.0,37.0,CAVERN
-135.0,93.0,33.0,CAVERN
-109.0,93.0,18.0,CAVERN
-106.0,92.0,27.0,CAVERN
-105.0,88.0,33.0,CAVERN
-111.0,82.0,36.0,CAVERN
-112.0,82.0,44.0,CAVERN
-111.0,82.0,52.0,CAVERN
-108.0,82.0,55.0,CAVERN
-110.0,85.0,58.0,CAVERN
-110.0,87.0,61.0,CAVERN
-111.0,88.0,67.0,CAVERN
-115.0,89.0,70.0,CAVERN
-119.0,88.0,73.0,CAVERN
-126.0,87.0,75.0,CAVERN
-131.0,88.0,75.0,CAVERN
-136.0,87.0,75.0,CAVERN
-137.0,90.0,70.0,CAVERN
-143.0,91.0,69.0,CAVERN
-147.0,89.0,68.0,CAVERN
-148.0,86.0,64.0,CAVERN
-141.0,90.0,65.0,CAVERN
-139.0,88.0,61.0,CAVERN
-135.0,91.0,59.0,CAVERN
-130.0,91.0,58.0,CAVERN
-124.0,89.0,55.0,CAVERN
-121.0,88.0,52.0,CAVERN
-119.0,87.0,55.0,CAVERN
-115.0,86.0,55.0,CAVERN
-112.0,85.0,56.0,CAVERN
-116.0,82.0,40.0,CAVERN
-121.0,83.0,38.0,CAVERN
-125.0,82.0,36.0,CAVERN
-129.0,82.0,34.0,CAVERN
-104.0,85.0,49.0,CAVERN
-103.0,84.0,42.0,CAVERN
-108.0,82.0,40.0,CAVERN
-87.0,60.0,64.0,CAVERN
-83.0,61.0,65.0,CAVERN
-79.0,61.0,65.0,CAVERN
-78.0,58.0,62.0,CAVERN
-79.0,66.0,66.0,CAVERN
-77.0,72.0,67.0,CAVERN
-75.0,72.0,71.0,CAVERN
-73.0,70.0,77.0,CAVERN
-74.0,68.0,85.0,CAVERN
-77.0,67.0,89.0,CAVERN
-77.0,76.0,67.0,CAVERN
-76.0,82.0,67.0,CAVERN
-73.0,86.0,70.0,CAVERN
-82.0,67.0,89.0,CAVERN
-85.0,67.0,85.0,CAVERN
-85.0,68.0,80.0,CAVERN
-91.0,67.0,83.0,CAVERN
-91.0,67.0,88.0,CAVERN
-92.0,67.0,75.0,CAVERN
-97.0,67.0,86.0,CAVERN
-73.0,66.0,34.0,CAVERN
-30.0,79.0,44.0,FOREST
-36.0,78.0,44.0,FOREST
-40.0,77.0,44.0,FOREST
-44.0,80.0,47.0,FOREST
-45.0,80.0,54.0,FOREST
-46.0,80.0,58.0,FOREST
-46.0,84.0,61.0,FOREST
-41.0,87.0,62.0,FOREST
-38.0,82.0,67.0,FOREST
-35.0,80.0,71.0,FOREST
-29.0,78.0,77.0,FOREST
-35.0,77.0,74.0,FOREST
-38.0,69.0,76.0,FOREST
-43.0,69.0,83.0,FOREST
-50.0,68.0,88.0,FOREST
-54.0,66.0,88.0,FOREST
-57.0,63.0,93.0,FOREST
-61.0,63.0,98.0,FOREST
-68.0,60.0,102.0,FOREST
-74.0,60.0,103.0,FOREST
-81.0,62.0,102.0,FOREST
-77.0,66.0,23.0,CAVERN
-74.0,65.0,15.0,CAVERN
-77.0,65.0,12.0,CAVERN
-76.0,58.0,11.0,CAVERN
-73.0,57.0,15.0,CAVERN
-166.0,84.0,45.0,CAVERN
-172.0,84.0,47.0,CAVERN
-178.0,81.0,50.0,CAVERN
-181.0,81.0,55.0,CAVERN
-179.0,78.0,63.0,CAVERN
-175.0,79.0,67.0,CAVERN
-168.0,77.0,70.0,CAVERN
-163.0,74.0,70.0,CAVERN
-159.0,73.0,73.0,CAVERN
-156.0,69.0,74.0,CAVERN
-152.0,71.0,76.0,CAVERN
-151.0,74.0,81.0,CAVERN
-148.0,76.0,84.0,CAVERN
-147.0,80.0,88.0,CAVERN
-148.0,81.0,93.0,CAVERN
-146.0,81.0,98.0,CAVERN
-141.0,83.0,96.0,CAVERN
-138.0,81.0,93.0,CAVERN
-138.0,76.0,89.0,CAVERN
-132.0,70.0,70.0,CAVERN
-125.0,40.0,74.0,CAVERN
-133.0,39.0,79.0,CAVERN
-137.0,39.0,85.0,CAVERN
-139.0,39.0,80.0,CAVERN
-138.0,39.0,75.0,CAVERN
-133.0,42.0,48.0,CAVERN
-78.0,90.0,72.0,CAVERN
-83.0,91.0,71.0,CAVERN
-88.0,89.0,73.0,CAVERN
-95.0,90.0,74.0,CAVERN
-101.0,89.0,80.0,CAVERN
-103.0,86.0,84.0,CAVERN
-106.0,78.0,97.0,CAVERN
-108.0,78.0,100.0,CAVERN
-109.0,81.0,99.0,CAVERN
-109.0,83.0,93.0,CAVERN
-114.0,85.0,89.0,CAVERN
-122.0,85.0,87.0,CAVERN
-130.0,84.0,91.0,CAVERN
-132.0,82.0,94.0,CAVERN
-132.0,80.0,98.0,CAVERN
-136.0,79.0,96.0,CAVERN
-143.0,85.0,92.0,CAVERN
-140.0,85.0,87.0,CAVERN
-143.0,87.0,82.0,CAVERN
-147.0,89.0,78.0,CAVERN
-150.0,87.0,72.0,CAVERN
-130.0,92.0,5.0,CAVERN
-128.0,89.0,4.0,CAVERN
-125.0,88.0,-1.0,ICY
-121.0,90.0,-2.0,ICY
-116.0,92.0,-3.0,ICY
-116.0,95.0,-8.0,ICY
-117.0,98.0,-12.0,ICY
-114.0,101.0,-15.0,ICY
-112.0,104.0,-20.0,ICY
-112.0,105.0,-26.0,ICY
-111.0,108.0,-31.0,ICY
-116.0,111.0,-28.0,ICY
-120.0,115.0,-27.0,ICY
-124.0,116.0,-32.0,ICY
-126.0,115.0,-39.0,ICY
-130.0,114.0,-43.0,ICY
-132.0,109.0,-49.0,ICY
-131.0,104.0,-56.0,ICY
-128.0,104.0,-60.0,ICY
-127.0,104.0,-64.0,ICY
-125.0,107.0,-67.0,ICY
-122.0,110.0,-71.0,ICY
-116.0,109.0,-73.0,ICY
-111.0,109.0,-74.0,ICY
-106.0,109.0,-72.0,ICY
-102.0,104.0,-75.0,ICY
-96.0,100.0,-75.0,ICY
-93.0,96.0,-73.0,ICY
-89.0,93.0,-70.0,ICY
-84.0,87.0,-67.0,ICY
-98.0,101.0,-68.0,ICY
-102.0,101.0,-67.0,ICY
-109.0,100.0,-66.0,ICY
-114.0,98.0,-66.0,ICY
-119.0,96.0,-63.0,ICY
-121.0,95.0,-56.0,ICY
-123.0,95.0,-49.0,ICY
-124.0,95.0,-42.0,ICY
-122.0,93.0,-34.0,ICY
-116.0,91.0,-26.0,ICY
-112.0,90.0,-22.0,ICY
-93.0,102.0,-82.0,ICY
-97.0,100.0,-87.0,ICY
-100.0,100.0,-91.0,ICY
-107.0,102.0,-92.0,ICY
-108.0,105.0,-89.0,ICY
-111.0,107.0,-85.0,ICY
-115.0,109.0,-82.0,ICY
-115.0,109.0,-78.0,ICY
-120.0,106.0,-80.0,ICY
-126.0,106.0,-79.0,ICY
18.0,108.0,68.0,FOREST
14.0,110.0,69.0,FOREST
20.0,106.0,65.0,FOREST
22.0,108.0,63.0,FOREST
25.0,110.0,60.0,FOREST
21.0,111.0,57.0,FOREST
17.0,113.0,57.0,FOREST
14.0,113.0,59.0,FOREST
11.0,114.0,59.0,FOREST
9.0,116.0,54.0,FOREST
11.0,117.0,51.0,FOREST
15.0,117.0,46.0,FOREST
13.0,114.0,40.0,FOREST
10.0,116.0,37.0,FOREST
9.0,116.0,32.0,FOREST
9.0,113.0,27.0,FOREST
10.0,113.0,20.0,FOREST
10.0,112.0,17.0,FOREST
5.0,114.0,25.0,FOREST
-1.0,114.0,24.0,FOREST
-4.0,113.0,18.0,FOREST
-2.0,109.0,15.0,FOREST
3.0,106.0,17.0,FOREST
-9.0,109.0,17.0,FOREST
-12.0,109.0,21.0,FOREST
-17.0,108.0,21.0,FOREST
3.0,117.0,55.0,FOREST
0.0,119.0,52.0,FOREST
1.0,121.0,47.0,FOREST
0.0,121.0,43.0,FOREST
-4.0,118.0,43.0,FOREST
-8.0,120.0,46.0,FOREST
-5.0,120.0,51.0,FOREST
-12.0,117.0,45.0,FOREST
-14.0,117.0,48.0,FOREST
-18.0,117.0,55.0,FOREST
-19.0,118.0,49.0,FOREST
-18.0,117.0,44.0,FOREST
-19.0,116.0,40.0,FOREST
-24.0,116.0,40.0,FOREST
-26.0,116.0,45.0,FOREST
-23.0,116.0,45.0,FOREST
-24.0,111.0,51.0,FOREST
-22.0,113.0,47.0,FOREST
-9.0,118.0,40.0,FOREST
0.0,120.0,39.0,FOREST
5.0,118.0,36.0,FOREST
4.0,109.0,29.0,FOREST
3.0,108.0,35.0,FOREST
4.0,105.0,41.0,FOREST
3.0,102.0,45.0,FOREST
-88.0,71.0,39.0,CAVERN
-89.0,62.0,43.0,CAVERN
-137.0,62.0,53.0,CAVERN
-142.0,63.0,51.0,CAVERN
-139.0,62.0,49.0,CAVERN
-148.0,62.0,51.0,CAVERN
-157.0,61.0,52.0,CAVERN
-160.0,61.0,57.0,CAVERN
-165.0,61.0,59.0,CAVERN
-163.0,61.0,64.0,CAVERN
-158.0,61.0,60.0,CAVERN
-160.0,61.0,48.0,CAVERN
-166.0,61.0,49.0,CAVERN
-166.0,61.0,54.0,CAVERN
-123.0,92.0,-28.0,ICY
-126.0,87.0,-30.0,ICY
-122.0,81.0,-34.0,ICY
-122.0,79.0,-41.0,ICY
-128.0,79.0,-42.0,ICY
-131.0,79.0,-46.0,ICY
-135.0,79.0,-51.0,ICY
-132.0,79.0,-57.0,ICY
-125.0,79.0,-55.0,ICY
-122.0,79.0,-50.0,ICY
-122.0,79.0,-45.0,ICY
-119.0,109.0,-21.0,ICY
-117.0,106.0,-18.0,ICY
-102.0,93.0,11.0,CAVERN
-90.0,91.0,3.0,ICY
-91.0,93.0,-2.0,ICY
-97.0,93.0,-5.0,ICY
-102.0,91.0,-4.0,ICY
-28.0,86.0,-75.0,HAUNTED
-25.0,85.0,-79.0,HAUNTED
-25.0,85.0,-84.0,HAUNTED
-27.0,85.0,-90.0,HAUNTED
-29.0,84.0,-94.0,HAUNTED
-34.0,82.0,-99.0,HAUNTED
-30.0,82.0,-104.0,HAUNTED
-25.0,84.0,-102.0,HAUNTED
-21.0,86.0,-97.0,HAUNTED
-20.0,86.0,-93.0,HAUNTED
-13.0,87.0,-92.0,HAUNTED
-7.0,85.0,-87.0,HAUNTED
0.0,85.0,-87.0,HAUNTED
5.0,85.0,-87.0,HAUNTED
9.0,86.0,-86.0,HAUNTED
14.0,85.0,-84.0,HAUNTED
17.0,85.0,-84.0,HAUNTED
23.0,84.0,-83.0,HAUNTED
26.0,86.0,-78.0,HAUNTED
21.0,85.0,-76.0,HAUNTED
17.0,85.0,-78.0,HAUNTED
21.0,85.0,-71.0,HAUNTED
21.0,85.0,-62.0,HAUNTED
21.0,85.0,-56.0,HAUNTED
17.0,87.0,-55.0,HAUNTED
15.0,88.0,-49.0,HAUNTED
15.0,91.0,-57.0,HAUNTED
-8.0,91.0,-84.0,HAUNTED
-7.0,95.0,-83.0,HAUNTED
14.0,96.0,-60.0,HAUNTED
18.0,84.0,-47.0,HAUNTED
22.0,82.0,-46.0,HAUNTED
25.0,82.0,-44.0,HAUNTED
24.0,81.0,-39.0,HAUNTED
27.0,78.0,-34.0,HAUNTED
20.0,80.0,-35.0,HAUNTED
18.0,79.0,-32.0,HAUNTED
22.0,78.0,-31.0,HAUNTED
18.0,77.0,-33.0,HAUNTED
27.0,79.0,-30.0,HAUNTED
31.0,78.0,-29.0,HAUNTED
35.0,78.0,-26.0,HAUNTED
40.0,78.0,-24.0,HAUNTED
42.0,78.0,-19.0,HAUNTED
44.0,79.0,-12.0,HAUNTED
42.0,79.0,-3.0,HAUNTED
-154.0,82.0,66.0,CAVERN
-159.0,79.0,69.0,CAVERN
-125.0,90.0,39.0,CAVERN
-101.0,83.0,59.0,CAVERN
-95.0,83.0,55.0,CAVERN
-95.0,84.0,49.0,CAVERN
-94.0,83.0,43.0,CAVERN
-97.0,85.0,41.0,CAVERN
-121.0,89.0,48.0,CAVERN
-122.0,90.0,44.0,CAVERN
-129.0,90.0,37.0,CAVERN
-134.0,91.0,37.0,CAVERN
-84.0,91.0,15.0,CAVERN
-85.0,92.0,20.0,CAVERN
-7.0,109.0,14.0,FOREST
-14.0,110.0,17.0,FOREST
-113.0,52.0,16.0,CAVERN
-115.0,53.0,12.0,CAVERN
-122.0,54.0,11.0,CAVERN
-127.0,56.0,12.0,CAVERN
-131.0,56.0,15.0,CAVERN
-123.0,61.0,10.0,CAVERN
-122.0,61.0,14.0,CAVERN
-118.0,61.0,11.0,CAVERN
-127.0,61.0,12.0,CAVERN
-128.0,56.0,20.0,CAVERN
-128.0,46.0,23.0,CAVERN
-127.0,44.0,27.0,CAVERN
-112.0,64.0,22.0,CAVERN
-118.0,64.0,22.0,CAVERN
-124.0,64.0,22.0,CAVERN
-128.0,64.0,22.0,CAVERN
-134.0,64.0,22.0,CAVERN
-140.0,64.0,22.0,CAVERN
-142.0,64.0,25.0,CAVERN
-140.0,64.0,28.0,CAVERN
-134.0,64.0,28.0,CAVERN
-130.0,64.0,28.0,CAVERN
-126.0,64.0,28.0,CAVERN
-122.0,64.0,28.0,CAVERN
-118.0,64.0,28.0,CAVERN
-114.0,64.0,28.0,CAVERN
-90.0,88.0,90.0,CAVERN
-93.0,89.0,89.0,CAVERN
-98.0,89.0,86.0,CAVERN
-50.0,69.0,22.0,NONE
-31.0,68.0,19.0,NONE
-71.0,66.0,-21.0,NONE
-115.0,69.0,-19.0,ICY
-115.0,69.0,-18.0,NONE
-39.0,67.0,58.0,CAVERN
-21.0,67.0,47.0,FOREST
-22.0,67.0,43.0,FOREST
-24.0,67.0,35.0,FOREST
-35.0,88.0,44.0,FOREST
-60.0,94.0,51.0,CAVERN
-49.0,89.0,67.0,FOREST
-53.0,98.0,71.0,CAVERN
-52.0,90.0,63.0,FOREST
-55.0,90.0,59.0,FOREST
-48.0,88.0,62.0,FOREST
-45.0,87.0,65.0,FOREST
-38.0,88.0,59.0,FOREST
-34.0,85.0,56.0,FOREST
-29.0,83.0,53.0,FOREST
-28.0,81.0,54.0,FOREST
-13.0,73.0,42.0,FOREST
1.0,70.0,30.0,FOREST
22.0,81.0,17.0,FOREST
23.0,83.0,14.0,FOREST
23.0,83.0,12.0,FOREST
22.0,79.0,8.0,FOREST
22.0,80.0,4.0,FOREST
24.0,81.0,6.0,FOREST
27.0,77.0,10.0,FOREST
24.0,78.0,9.0,FOREST
24.0,79.0,18.0,FOREST
27.0,76.0,18.0,FOREST
13.0,86.0,-3.0,HAUNTED
8.0,85.0,-2.0,HAUNTED
11.0,86.0,-2.0,HAUNTED
14.0,85.0,2.0,FOREST
15.0,81.0,-4.0,FOREST
15.0,81.0,-8.0,HAUNTED
14.0,80.0,-12.0,HAUNTED
9.0,78.0,-14.0,HAUNTED
5.0,79.0,-14.0,HAUNTED
4.0,80.0,-16.0,HAUNTED
0.0,80.0,-16.0,HAUNTED
9.0,73.0,-17.0,HAUNTED
16.0,77.0,-15.0,HAUNTED
18.0,82.0,-14.0,HAUNTED
17.0,81.0,-10.0,HAUNTED
18.0,82.0,-12.0,HAUNTED
17.0,83.0,-15.0,HAUNTED
21.0,86.0,-13.0,HAUNTED
23.0,88.0,-17.0,HAUNTED
25.0,86.0,-19.0,HAUNTED
50.0,72.0,-5.0,HAUNTED
30.0,70.0,12.0,FOREST
32.0,69.0,14.0,FOREST
32.0,72.0,17.0,FOREST
28.0,76.0,15.0,FOREST
47.0,56.0,-7.0,HAUNTED
-1.0,62.0,9.0,NONE
-51.0,68.0,-59.0,HAUNTED
-51.0,70.0,-66.0,ICY
-26.0,90.0,-61.0,HAUNTED
-28.0,90.0,-56.0,HAUNTED
-32.0,89.0,-52.0,HAUNTED
-34.0,90.0,-49.0,HAUNTED
-38.0,87.0,-44.0,HAUNTED
-44.0,87.0,-42.0,HAUNTED
-45.0,85.0,-48.0,HAUNTED
-41.0,85.0,-52.0,HAUNTED
-38.0,87.0,-51.0,HAUNTED
-34.0,88.0,-53.0,HAUNTED
-40.0,86.0,-47.0,HAUNTED
-49.0,89.0,-49.0,ICY
-53.0,91.0,-53.0,ICY
-57.0,91.0,-57.0,ICY
-57.0,87.0,-63.0,ICY
-58.0,84.0,-67.0,ICY
-58.0,86.0,-71.0,ICY
-58.0,84.0,-76.0,ICY
-57.0,85.0,-80.0,ICY
-54.0,89.0,-83.0,ICY
-51.0,92.0,-80.0,ICY
-50.0,96.0,-74.0,ICY
-47.0,100.0,-70.0,ICY
-48.0,99.0,-63.0,ICY
-50.0,94.0,-56.0,ICY
-47.0,97.0,-56.0,HAUNTED
-44.0,98.0,-62.0,HAUNTED
-44.0,99.0,-69.0,HAUNTED
-43.0,97.0,-75.0,HAUNTED
-40.0,97.0,-54.0,HAUNTED
-40.0,98.0,-59.0,HAUNTED
-37.0,98.0,-61.0,HAUNTED
-38.0,97.0,-72.0,HAUNTED
-38.0,96.0,-77.0,HAUNTED
-35.0,93.0,-82.0,HAUNTED
-41.0,94.0,-85.0,HAUNTED
-38.0,93.0,-90.0,HAUNTED
-35.0,92.0,-92.0,HAUNTED
-33.0,92.0,-88.0,HAUNTED
-29.0,91.0,-87.0,HAUNTED
-31.0,90.0,-93.0,HAUNTED
-31.0,92.0,-81.0,HAUNTED
26.0,83.0,-73.0,HAUNTED
30.0,82.0,-67.0,HAUNTED
35.0,81.0,-62.0,HAUNTED
23.0,84.0,-54.0,HAUNTED
23.0,81.0,-52.0,HAUNTED
21.0,80.0,-49.0,HAUNTED
24.0,81.0,-47.0,HAUNTED
26.0,82.0,-49.0,HAUNTED
27.0,82.0,-23.0,HAUNTED
44.0,79.0,-30.0,HAUNTED
40.0,79.0,-33.0,HAUNTED
36.0,78.0,-31.0,HAUNTED
48.0,80.0,-12.0,HAUNTED
52.0,81.0,-14.0,HAUNTED
55.0,79.0,-16.0,HAUNTED
52.0,81.0,-10.0,HAUNTED
54.0,77.0,-9.0,HAUNTED
-66.0,71.0,-79.0,ICY
-62.0,71.0,-77.0,ICY
-17.0,70.0,-59.0,HAUNTED
-23.0,70.0,-69.0,HAUNTED
-22.0,71.0,-72.0,HAUNTED
-23.0,72.0,-75.0,HAUNTED
10.0,70.0,-78.0,HAUNTED
-4.0,71.0,-76.0,HAUNTED
-6.0,72.0,-79.0,HAUNTED
-4.0,72.0,-85.0,HAUNTED
-23.0,81.0,-54.0,HAUNTED
-23.0,80.0,-57.0,HAUNTED
-25.0,80.0,-56.0,HAUNTED
19.0,81.0,-72.0,HAUNTED
17.0,79.0,-70.0,HAUNTED
16.0,81.0,-75.0,HAUNTED
17.0,81.0,-73.0,HAUNTED
15.0,81.0,-56.0,HAUNTED
14.0,78.0,-56.0,HAUNTED
15.0,80.0,-53.0,HAUNTED
17.0,80.0,-52.0,HAUNTED
6.0,86.0,-63.0,HAUNTED
-67.0,46.0,56.0,CAVERN
-70.0,41.0,58.0,CAVERN
28.0,70.0,-55.0,HAUNTED
-20.0,70.0,-80.0,HAUNTED
19.0,69.0,-24.0,HAUNTED
13.0,70.0,-88.0,HAUNTED
-29.0,71.0,-84.0,HAUNTED
-28.0,71.0,-81.0,HAUNTED
-38.0,66.0,2.0,NONE
-107.0,58.0,66.0,CAVERN
-99.0,57.0,67.0,CAVERN
-74.0,69.0,81.0,CAVERN
-88.0,60.0,58.0,CAVERN
-70.0,41.0,56.0,CAVERN
-141.0,52.0,21.0,CAVERN
-35.0,68.0,60.0,FOREST
-5.0,67.0,62.0,FOREST
7.0,68.0,62.0,FOREST
2.0,66.0,30.0,FOREST
22.0,68.0,44.0,FOREST
20.0,68.0,45.0,FOREST
-65.0,87.0,82.0,CAVERN
-128.0,41.0,49.0,CAVERN
-127.0,41.0,53.0,CAVERN
5.0,67.0,-23.0,HAUNTED
27.0,69.0,-16.0,HAUNTED
40.0,52.0,-29.0,HAUNTED
32.0,50.0,-18.0,HAUNTED
22.0,52.0,-27.0,HAUNTED
52.0,55.0,-23.0,HAUNTED
45.0,54.0,-22.0,HAUNTED
11.0,70.0,-44.0,HAUNTED
-0.0,70.0,-35.0,HAUNTED
-26.0,67.0,-28.0,HAUNTED
-39.0,67.0,-40.0,HAUNTED
-32.0,70.0,-73.0,HAUNTED
-3.0,70.0,-89.0,HAUNTED
29.0,70.0,-58.0,HAUNTED
-105.0,61.0,30.0,CAVERN
-90.0,46.0,88.0,CAVERN
-93.0,47.0,88.0,CAVERN
-104.0,53.0,27.0,CAVERN
-121.0,82.0,-91.0,ICY
22.0,71.0,-88.0,HAUNTED
-56.0,74.0,-78.0,ICY
-112.0,82.0,48.0,CAVERN
-104.0,89.0,-9.0,ICY
-120.0,95.0,-60.0,ICY
-119.0,81.0,-34.0,ICY
20.0,69.0,-22.0,HAUNTED
7.0,49.0,-24.0,HAUNTED
23.0,70.0,-41.0,HAUNTED
35.0,70.0,-46.0,HAUNTED
35.0,70.0,-52.0,HAUNTED
29.0,70.0,-53.0,HAUNTED
6.0,70.0,-98.0,HAUNTED
-2.0,70.0,-98.0,HAUNTED
-34.0,67.0,-53.0,HAUNTED
-26.0,81.0,40.0,FOREST
-51.0,90.0,58.0,FOREST
-89.0,67.0,76.0,CAVERN
-101.0,80.0,-81.0,ICY
-97.0,80.0,-82.0,ICY
-92.0,73.0,42.0,CAVERN
7.0,51.0,27.0,FOREST
-19.0,66.0,34.0,FOREST
-94.0,40.0,73.0,CAVERN
8.0,68.0,65.0,FOREST
7.0,50.0,60.0,FOREST
21.0,55.0,51.0,FOREST
0.0,67.0,24.0,FOREST
-69.0,87.0,78.0,CAVERN
-90.0,72.0,-42.0,ICY
-9.0,66.0,27.0,FOREST
15.0,51.0,23.0,FOREST
14.0,52.0,27.0,FOREST
7.0,75.0,57.0,FOREST
-35.0,82.0,68.0,FOREST
-35.0,88.0,68.0,FOREST
-29.0,90.0,69.0,FOREST
-32.0,89.0,66.0,FOREST
-29.0,89.0,65.0,FOREST
-24.0,84.0,67.0,FOREST
-24.0,79.0,65.0,FOREST
-25.0,75.0,61.0,FOREST
-22.0,85.0,63.0,FOREST
-26.0,89.0,71.0,FOREST
-18.0,77.0,70.0,FOREST
-22.0,79.0,68.0,FOREST
-14.0,76.0,70.0,FOREST
-12.0,75.0,68.0,FOREST
-33.0,80.0,66.0,FOREST
-31.0,78.0,65.0,FOREST
-92.0,85.0,-24.0,ICY
-82.0,67.0,-24.0,ICY
-90.0,84.0,-24.0,ICY
5.0,89.0,11.0,FOREST
-7.0,67.0,68.0,FOREST
14.0,87.0,51.0,FOREST
8.0,68.0,11.0,FOREST
22.0,57.0,46.0,FOREST
-116.0,95.0,-55.0,ICY
-82.0,90.0,-72.0,ICY
-7.0,86.0,-63.0,HAUNTED
-135.0,61.0,49.0,CAVERN
